{
  "src": [
    "horse.ogg",
    "horse.m4a",
    "horse.mp3",
    "horse.ac3"
  ],
  "sprite": {
    "2": [
      0,
      545.6689342403628
    ],
    "amogus": [
      2000,
      586.3038548752835
    ],
    "ass": [
      4000,
      427.3469387755107
    ],
    "bacon": [
      6000,
      913.0839002267575
    ],
    "bajs": [
      8000,
      577.5056689342399
    ],
    "ban": [
      10000,
      303.5147392290245
    ],
    "bruh": [
      12000,
      975.2380952380956
    ],
    "can": [
      14000,
      436.6893424036284
    ],
    "chicken": [
      16000,
      492.97052154194887
    ],
    "cock": [
      18000,
      446.07709750566823
    ],
    "community": [
      20000,
      455.69160997732536
    ],
    "feelsdankman": [
      22000,
      682.0861678004526
    ],
    "feelsdonkman": [
      24000,
      1323.537414965987
    ],
    "first": [
      27000,
      517.9365079365077
    ],
    "forsen": [
      29000,
      495.55555555555486
    ],
    "fuck": [
      31000,
      378.5941043083909
    ],
    "funny": [
      33000,
      298.3673469387753
    ],
    "gucci": [
      35000,
      621.1564625850343
    ],
    "h": [
      37000,
      541.541950113377
    ],
    "harry": [
      39000,
      861.1564625850363
    ],
    "hello": [
      41000,
      708.2086167800483
    ],
    "horse": [
      43000,
      114038.61678004534
    ],
    "is": [
      159000,
      411.38321995464366
    ],
    "kekw": [
      161000,
      644.7165532879922
    ],
    "ladies": [
      163000,
      1000.5895691610078
    ],
    "leatherman": [
      166000,
      717.3469387755063
    ],
    "links": [
      168000,
      459.90929705214967
    ],
    "lost": [
      170000,
      544.2176870748199
    ],
    "mama": [
      172000,
      575.6009070294681
    ],
    "man": [
      174000,
      493.9909297052054
    ],
    "me": [
      176000,
      395.3514739229149
    ],
    "menvafan": [
      178000,
      1110.3854875283332
    ],
    "meow": [
      181000,
      544.2176870748199
    ],
    "milk": [
      183000,
      593.5827664399085
    ],
    "mods": [
      185000,
      482.51700680270915
    ],
    "more": [
      187000,
      406.3492063492049
    ],
    "mother": [
      189000,
      480.15873015873467
    ],
    "nam": [
      191000,
      539.8639455782188
    ],
    "nina": [
      193000,
      572.8571428571456
    ],
    "no": [
      195000,
      310.1133786848038
    ],
    "not": [
      197000,
      316.3718820861732
    ],
    "nurse": [
      199000,
      473.4013605442158
    ],
    "ok": [
      201000,
      905.6009070294806
    ],
    "on": [
      203000,
      251.29251700678878
    ],
    "online": [
      205000,
      563.0839002267578
    ],
    "other": [
      207000,
      359.90929705215535
    ],
    "pagman": [
      209000,
      568.8888888888926
    ],
    "party": [
      211000,
      413.628117913845
    ],
    "permaban": [
      213000,
      509.75056689341613
    ],
    "players": [
      215000,
      348.29931972788586
    ],
    "please": [
      217000,
      406.3718820861766
    ],
    "pogu": [
      219000,
      928.7981859410479
    ],
    "potter": [
      221000,
      933.922902494345
    ],
    "previously": [
      223000,
      615.8276643990916
    ],
    "problem": [
      225000,
      348.29931972788586
    ],
    "retarded": [
      227000,
      713.9455782312893
    ],
    "spamming": [
      229000,
      606.62131519274
    ],
    "stop": [
      231000,
      417.9591836734744
    ],
    "sus": [
      233000,
      455.5555555555486
    ],
    "things": [
      235000,
      613.9002267573801
    ],
    "third": [
      237000,
      341.0430839002174
    ],
    "toxic": [
      239000,
      380.2494331065702
    ],
    "unfortunately": [
      241000,
      860.589569160993
    ],
    "we": [
      243000,
      320.8390022675758
    ],
    "wowzers": [
      245000,
      493.42403628116926
    ],
    "wtf": [
      247000,
      884.1496598639367
    ],
    "xqcl": [
      249000,
      1439.6371882086214
    ],
    "yes": [
      252000,
      373.94557823128594
    ],
    "you": [
      254000,
      522.4036281178996
    ],
    "your": [
      256000,
      493.58276643988575
    ]
  }
}